<?xml version="1.0" encoding="UTF-8" ?>
<odoo>
    <data noupdate="1">
        <record id="kitchen_screen_sequence" model="ir.sequence">
            <field name="name">Kitchen Screen</field>
            <field name="code">kitchen.screen</field>
            <field name="active">True</field>
            <field name="prefix">KITCHEN</field>
            <field name="padding">4</field>
            <field name="number_next">1</field>
            <field name="number_increment">1</field>
            <field name="company_id" eval="False"/>
        </record>
    </data>
</odoo>
